[
    {
        "id": "38948f2237c90251",
        "type": "tab",
        "label": "客厅",
        "disabled": false,
        "info": "By simulating smart home systems, the superiority of Node-RED in smart home can be demonstrated. Different processes can represent different rooms, and the different home appliances in each room can be accurately distinguished by the different groups under each process.",
        "env": []
    },
    {
        "id": "8a8e3ab1785e094c",
        "type": "group",
        "z": "38948f2237c90251",
        "name": "模拟空调",
        "style": {
            "label": true,
            "color": "#000000"
        },
        "nodes": [
            "5e5f0987dfdfb5e5",
            "c2a001bae035f9ea",
            "d2baa68af65976ad",
            "35ef9455ea57ef2e",
            "n3",
            "3f346ccf7a0c827a",
            "8bbbee88bed9aed4",
            "8aa6150b46eeec6b",
            "01d78e5d61d90eb0",
            "d6e4d5a14560c0ac",
            "75995881995d1a43",
            "33fad45c8eee5657",
            "6012417d47ae79db",
            "6e34d0645a5709b9",
            "6a9d312aac5c17ce"
        ],
        "x": 14,
        "y": 19,
        "w": 932,
        "h": 402
    },
    {
        "id": "bf56e81ac1afe4a9",
        "type": "group",
        "z": "38948f2237c90251",
        "name": "记录用户填写的温湿度阈值",
        "style": {
            "label": true,
            "stroke": "#ff0000",
            "fill": "#ffff7f",
            "color": "#0070c0"
        },
        "nodes": [
            "421eb12aef730442",
            "88c46975f0644acb",
            "1261b31ca8a5d674",
            "5b6f9a27617f69b9"
        ],
        "x": 54,
        "y": 439,
        "w": 412,
        "h": 142
    },
    {
        "id": "5e5f0987dfdfb5e5",
        "type": "debug",
        "z": "38948f2237c90251",
        "g": "8a8e3ab1785e094c",
        "name": "实时温湿度",
        "active": false,
        "tosidebar": true,
        "console": false,
        "tostatus": false,
        "complete": "payload",
        "targetType": "msg",
        "statusVal": "",
        "statusType": "auto",
        "x": 810,
        "y": 120,
        "wires": []
    },
    {
        "id": "c2a001bae035f9ea",
        "type": "converter",
        "z": "38948f2237c90251",
        "g": "8a8e3ab1785e094c",
        "name": "Buffer to GB18030",
        "from": "GB18030",
        "x": 450,
        "y": 120,
        "wires": [
            [
                "5e5f0987dfdfb5e5",
                "d6e4d5a14560c0ac"
            ]
        ]
    },
    {
        "id": "d2baa68af65976ad",
        "type": "tcp out",
        "z": "38948f2237c90251",
        "g": "8a8e3ab1785e094c",
        "name": "依靠tcp输出",
        "host": "192.168.43.16",
        "port": "6666",
        "beserver": "reply",
        "base64": false,
        "end": false,
        "tls": "",
        "x": 790,
        "y": 280,
        "wires": []
    },
    {
        "id": "35ef9455ea57ef2e",
        "type": "function",
        "z": "38948f2237c90251",
        "g": "8a8e3ab1785e094c",
        "name": "风扇开关T/F",
        "func": "context.global.set(\"fanManualState\", msg.payload);\nreturn msg;",
        "outputs": 1,
        "timeout": 0,
        "noerr": 0,
        "initialize": "",
        "finalize": "",
        "libs": [],
        "x": 270,
        "y": 380,
        "wires": [
            [
                "75995881995d1a43"
            ]
        ]
    },
    {
        "id": "n3",
        "type": "ui_switch",
        "z": "38948f2237c90251",
        "g": "8a8e3ab1785e094c",
        "name": "智能模式",
        "label": "智能模式",
        "tooltip": "",
        "group": "g1",
        "order": 1,
        "width": 0,
        "height": 0,
        "passthru": true,
        "decouple": "false",
        "topic": "mode_switch",
        "topicType": "str",
        "style": "",
        "onvalue": "true",
        "onvalueType": "bool",
        "onicon": "",
        "oncolor": "",
        "offvalue": "false",
        "offvalueType": "bool",
        "officon": "",
        "offcolor": "",
        "animate": true,
        "className": "",
        "x": 100,
        "y": 300,
        "wires": [
            [
                "01d78e5d61d90eb0"
            ]
        ]
    },
    {
        "id": "3f346ccf7a0c827a",
        "type": "ui_gauge",
        "z": "38948f2237c90251",
        "g": "8a8e3ab1785e094c",
        "name": "",
        "group": "g1",
        "order": 3,
        "width": 0,
        "height": 0,
        "gtype": "gage",
        "title": "湿度",
        "label": "%RH",
        "format": "{{humidity}}",
        "min": 0,
        "max": "100",
        "colors": [
            "#fb580b",
            "#66f920",
            "#3659fe"
        ],
        "seg1": "40",
        "seg2": "60",
        "diff": false,
        "className": "",
        "x": 570,
        "y": 220,
        "wires": []
    },
    {
        "id": "8bbbee88bed9aed4",
        "type": "ui_gauge",
        "z": "38948f2237c90251",
        "g": "8a8e3ab1785e094c",
        "name": "",
        "group": "g1",
        "order": 3,
        "width": 0,
        "height": 0,
        "gtype": "gage",
        "title": "温度",
        "label": "℃",
        "format": "{{temperature}}",
        "min": 0,
        "max": "100",
        "colors": [
            "#39e1e1",
            "#4de831",
            "#ca3838"
        ],
        "seg1": "20",
        "seg2": "26",
        "diff": false,
        "className": "",
        "x": 570,
        "y": 180,
        "wires": []
    },
    {
        "id": "8aa6150b46eeec6b",
        "type": "ui_switch",
        "z": "38948f2237c90251",
        "g": "8a8e3ab1785e094c",
        "name": "风扇开关",
        "label": "风扇开关",
        "tooltip": "",
        "group": "g1",
        "order": 1,
        "width": 0,
        "height": 0,
        "passthru": true,
        "decouple": "false",
        "topic": "mode_switch",
        "topicType": "str",
        "style": "",
        "onvalue": "true",
        "onvalueType": "bool",
        "onicon": "",
        "oncolor": "",
        "offvalue": "false",
        "offvalueType": "bool",
        "officon": "",
        "offcolor": "",
        "animate": true,
        "className": "",
        "x": 100,
        "y": 380,
        "wires": [
            [
                "35ef9455ea57ef2e"
            ]
        ]
    },
    {
        "id": "01d78e5d61d90eb0",
        "type": "function",
        "z": "38948f2237c90251",
        "g": "8a8e3ab1785e094c",
        "name": "智能模式T/F",
        "func": "context.global.set(\"isSmartMode\", msg.payload);\nreturn msg;",
        "outputs": 1,
        "timeout": 0,
        "noerr": 0,
        "initialize": "",
        "finalize": "",
        "libs": [],
        "x": 270,
        "y": 300,
        "wires": [
            [
                "75995881995d1a43"
            ]
        ]
    },
    {
        "id": "d6e4d5a14560c0ac",
        "type": "function",
        "z": "38948f2237c90251",
        "g": "8a8e3ab1785e094c",
        "name": "温湿度解析",
        "func": "const text = msg.payload;\n\n// 解析正则表达式（同时支持全角/半角符号）\nconst tempMatch = text.match(/温度[为為]\\s*([\\d.]+)\\s*℃/);\nconst humiMatch = text.match(/湿度[为為]\\s*([\\d.]+)\\s*[%％]?RH/); // 关键修改\n\nif (tempMatch && humiMatch) {\n    msg.temperature = parseFloat(tempMatch[1]);\n    msg.humidity = parseFloat(humiMatch[1]);\n    return msg;\n} else {\n    node.error(\"数据格式错误，原始数据：\" + text, msg);\n    return null;\n}",
        "outputs": 1,
        "timeout": 0,
        "noerr": 0,
        "initialize": "",
        "finalize": "",
        "libs": [],
        "x": 250,
        "y": 220,
        "wires": [
            [
                "8bbbee88bed9aed4",
                "3f346ccf7a0c827a",
                "75995881995d1a43"
            ]
        ]
    },
    {
        "id": "75995881995d1a43",
        "type": "function",
        "z": "38948f2237c90251",
        "g": "8a8e3ab1785e094c",
        "name": "模式与指令处理",
        "func": "// 获取全局变量中的阈值和模式状态\nconst isSmartMode = context.global.get(\"isSmartMode\");\nconst x = context.global.get(\"x_threshold\") || 30; // 默认值30\nconst y = context.global.get(\"y_threshold\") || 80; // 默认值80\nconst temp = msg.temperature;\nconst humi = msg.humidity;\nlet fanCommand;\nif (isSmartMode) {\n    // 智能模式：根据阈值判断\n    if (temp > x || humi > y) {\n        fanCommand = \"LED_ON\\r\\n\";\n    } else {\n        fanCommand = \"LED_OFF\\r\\n\";\n    }\n} else {\n    // 手动模式：根据风扇开关状态判断\n    const isFanOn = context.global.get(\"fanManualState\");\n    fanCommand = isFanOn ? \"LED_ON\\r\\n\" : \"LED_OFF\\r\\n\";\n}\n// 输出最终指令\nreturn {\n    payload: fanCommand,\n};",
        "outputs": 1,
        "timeout": 0,
        "noerr": 0,
        "initialize": "",
        "finalize": "",
        "libs": [],
        "x": 500,
        "y": 300,
        "wires": [
            [
                "d2baa68af65976ad",
                "33fad45c8eee5657"
            ]
        ]
    },
    {
        "id": "421eb12aef730442",
        "type": "function",
        "z": "38948f2237c90251",
        "g": "bf56e81ac1afe4a9",
        "name": "保存湿度阈值",
        "func": "// 保存湿度阈值（Y值）\ncontext.global.set(\"y_threshold\", msg.payload);\nreturn null; // 不需要传递消息",
        "outputs": 1,
        "timeout": 0,
        "noerr": 0,
        "initialize": "",
        "finalize": "",
        "libs": [],
        "x": 360,
        "y": 540,
        "wires": [
            []
        ]
    },
    {
        "id": "88c46975f0644acb",
        "type": "function",
        "z": "38948f2237c90251",
        "g": "bf56e81ac1afe4a9",
        "name": "保存温度阈值",
        "func": "// 保存温度阈值（X值）\ncontext.global.set(\"x_threshold\", msg.payload);\nreturn null; // 不需要传递消息",
        "outputs": 1,
        "timeout": 0,
        "noerr": 0,
        "initialize": "",
        "finalize": "",
        "libs": [],
        "x": 360,
        "y": 480,
        "wires": [
            []
        ]
    },
    {
        "id": "1261b31ca8a5d674",
        "type": "ui_text_input",
        "z": "38948f2237c90251",
        "g": "bf56e81ac1afe4a9",
        "name": "",
        "label": "湿度阈值",
        "tooltip": "",
        "group": "g1",
        "order": 5,
        "width": 0,
        "height": 0,
        "passthru": true,
        "mode": "text",
        "delay": 300,
        "topic": "humidity",
        "sendOnBlur": true,
        "className": "",
        "topicType": "msg",
        "x": 140,
        "y": 540,
        "wires": [
            [
                "421eb12aef730442"
            ]
        ]
    },
    {
        "id": "5b6f9a27617f69b9",
        "type": "ui_text_input",
        "z": "38948f2237c90251",
        "g": "bf56e81ac1afe4a9",
        "name": "",
        "label": "温度阈值",
        "tooltip": "",
        "group": "g1",
        "order": 4,
        "width": 0,
        "height": 0,
        "passthru": true,
        "mode": "text",
        "delay": 300,
        "topic": "temperature",
        "sendOnBlur": true,
        "className": "",
        "topicType": "msg",
        "x": 140,
        "y": 480,
        "wires": [
            [
                "88c46975f0644acb"
            ]
        ]
    },
    {
        "id": "33fad45c8eee5657",
        "type": "debug",
        "z": "38948f2237c90251",
        "g": "8a8e3ab1785e094c",
        "name": "最终输出的命令",
        "active": false,
        "tosidebar": true,
        "console": false,
        "tostatus": false,
        "complete": "payload",
        "targetType": "msg",
        "statusVal": "",
        "statusType": "auto",
        "x": 820,
        "y": 380,
        "wires": []
    },
    {
        "id": "6012417d47ae79db",
        "type": "comment",
        "z": "38948f2237c90251",
        "g": "8a8e3ab1785e094c",
        "name": "注释",
        "info": "You can write some comments here\n to facilitate understanding.\n\n\n\n",
        "x": 90,
        "y": 140,
        "wires": []
    },
    {
        "id": "6e34d0645a5709b9",
        "type": "debug",
        "z": "38948f2237c90251",
        "g": "8a8e3ab1785e094c",
        "name": "看所有输出都有啥",
        "active": false,
        "tosidebar": true,
        "console": true,
        "tostatus": true,
        "complete": "true",
        "targetType": "full",
        "statusVal": "payload",
        "statusType": "auto",
        "x": 440,
        "y": 60,
        "wires": []
    },
    {
        "id": "67fd9755ad1d7c44",
        "type": "function",
        "z": "38948f2237c90251",
        "name": "丢弃无效数据(暂费，测试)",
        "func": "if (msg.payload.includes(\"DHT11成功\")) {\n    return msg;\n} else {\n    return null; // 丢弃无效数据\n}",
        "outputs": 1,
        "timeout": 0,
        "noerr": 0,
        "initialize": "",
        "finalize": "",
        "libs": [],
        "x": 430,
        "y": 860,
        "wires": [
            []
        ]
    },
    {
        "id": "6a9d312aac5c17ce",
        "type": "tcp in",
        "z": "38948f2237c90251",
        "g": "8a8e3ab1785e094c",
        "name": "",
        "server": "server",
        "host": "192.168.43.16",
        "port": "6666",
        "datamode": "stream",
        "datatype": "buffer",
        "newline": "\\n",
        "topic": "",
        "trim": false,
        "base64": false,
        "tls": "",
        "x": 140,
        "y": 80,
        "wires": [
            [
                "c2a001bae035f9ea",
                "6e34d0645a5709b9"
            ]
        ]
    },
    {
        "id": "g1",
        "type": "ui_group",
        "name": "控制面板",
        "tab": "t1",
        "order": 1,
        "disp": true,
        "width": "6",
        "collapse": false
    },
    {
        "id": "t1",
        "type": "ui_tab",
        "name": "风扇控制",
        "icon": "dashboard",
        "order": 1,
        "disabled": false,
        "hidden": false
    }
]